pda,tothh,hhincq1,hhincq2,hhincq3,hhincq4,sfdu,mfdu,totemp,agrempn,mwtempn,retempn,fpsempn,herempn,othempn,occupancy_rate,non_residential_sqft,sq_ft_per_employee,deed_restricted_units,inclusionary_units,subsidized_units,inclusionary_revenue_reduction,inclusionary_revenue_reduction_per_unit,total_subsidy,subsidy_per_unit
,0.0,0.0,0.0,0.0,0.0,0.0,0.0,0.0,0.0,0.0,0.0,0.0,0.0,0.0,0.0,0.0,0.0,0.0,0.0,0.0,0.0,0.0,0.0,0.0
sfo1,11345.0,5344.0,2694.0,1956.0,1351.0,7566.0,4298.0,26145.0,27.0,5006.0,1081.0,10001.0,3193.0,6837.0,0.95625421443,20135664.0,770.153528399,0.0,0.0,0.0,0.0,0.0,0.0,0.0
fre2,6059.0,1583.0,1539.0,1670.0,1267.0,1321.0,4455.0,15600.0,19.0,346.0,1355.0,4418.0,5593.0,3869.0,1.04899584488,7435660.0,476.644871795,0.0,0.0,0.0,0.0,0.0,0.0,0.0
liv1,575.0,139.0,156.0,145.0,135.0,133.0,316.0,4147.0,6.0,112.0,512.0,1204.0,1652.0,661.0,1.28062360802,2292615.0,552.836990596,0.0,0.0,0.0,0.0,0.0,0.0,0.0
her2,608.0,150.0,192.0,149.0,117.0,663.0,0.0,79.0,0.0,41.0,5.0,11.0,15.0,7.0,0.0,44885.0,568.164556962,0.0,0.0,0.0,0.0,0.0,0.0,0.0
fre1,8823.0,1937.0,2464.0,2187.0,2235.0,3931.0,4241.0,4897.0,12.0,619.0,709.0,1067.0,1632.0,858.0,1.07966226138,3462728.0,707.112109455,0.0,0.0,0.0,0.0,0.0,0.0,0.0
fre4,1574.0,283.0,383.0,415.0,493.0,1215.0,231.0,11494.0,34.0,5036.0,800.0,2752.0,1083.0,1789.0,1.08852005533,12405539.0,1079.30563772,0.0,0.0,0.0,0.0,0.0,0.0,0.0
ple1,1218.0,144.0,299.0,317.0,458.0,60.0,1268.0,13710.0,46.0,2322.0,2326.0,4244.0,1836.0,2936.0,0.917168674699,8383587.0,611.494310722,0.0,0.0,0.0,0.0,0.0,0.0,0.0
her1,85.0,9.0,22.0,32.0,22.0,2.0,88.0,983.0,0.0,166.0,161.0,220.0,171.0,265.0,0.944444444444,535491.0,544.751780264,0.0,0.0,0.0,0.0,0.0,0.0,0.0
pit1,3525.0,1484.0,997.0,702.0,342.0,2296.0,1484.0,3849.0,1.0,449.0,387.0,388.0,1294.0,1330.0,0.93253968254,2944830.0,765.089633671,0.0,0.0,0.0,0.0,0.0,0.0,0.0
fre3,7259.0,1919.0,1922.0,1868.0,1550.0,2836.0,4342.0,4985.0,16.0,701.0,546.0,1069.0,1467.0,1186.0,1.01128448036,3522673.0,706.654563691,0.0,0.0,0.0,0.0,0.0,0.0,0.0
sfo9_a,0.0,0.0,0.0,0.0,0.0,0.0,0.0,0.0,0.0,0.0,0.0,0.0,0.0,0.0,0.0,0.0,0.0,0.0,0.0,0.0,0.0,0.0,0.0,0.0
ric2,3113.0,1027.0,957.0,634.0,495.0,1682.0,1827.0,5748.0,2.0,1787.0,385.0,895.0,902.0,1777.0,0.887147335423,5004734.0,870.691370912,0.0,0.0,0.0,0.0,0.0,0.0,0.0
sfo10,6993.0,2077.0,1915.0,1491.0,1510.0,4485.0,3179.0,7576.0,4.0,138.0,1752.0,838.0,3345.0,1499.0,0.912447807933,4275804.0,564.388067582,0.0,0.0,0.0,0.0,0.0,0.0,0.0
ccc1,348.0,94.0,90.0,98.0,66.0,67.0,333.0,4370.0,12.0,221.0,486.0,1661.0,1159.0,831.0,0.87,2908561.0,665.574599542,0.0,0.0,0.0,0.0,0.0,0.0,0.0
spa1,1580.0,669.0,506.0,273.0,132.0,147.0,1583.0,4315.0,1.0,227.0,454.0,439.0,2556.0,638.0,0.913294797688,2611200.0,605.144843569,0.0,0.0,0.0,0.0,0.0,0.0,0.0
wal1,5232.0,1632.0,1624.0,1246.0,730.0,698.0,5141.0,26581.0,24.0,1878.0,3500.0,10212.0,7317.0,3650.0,0.896043843124,13173144.0,495.584966706,0.0,0.0,0.0,0.0,0.0,0.0,0.0
pit2,1959.0,828.0,500.0,399.0,232.0,1255.0,877.0,652.0,1.0,115.0,42.0,70.0,184.0,240.0,0.918855534709,514605.0,789.271472393,0.0,0.0,0.0,0.0,0.0,0.0,0.0
sfo9_b,2474.0,809.0,708.0,539.0,418.0,2119.0,551.0,1864.0,1.0,110.0,70.0,567.0,431.0,685.0,0.9265917603,1531235.0,821.478004292,0.0,0.0,0.0,0.0,0.0,0.0,0.0
sjo7,8549.0,3531.0,2323.0,1564.0,1131.0,3079.0,6340.0,9327.0,27.0,794.0,1624.0,2033.0,3393.0,1456.0,0.907633506742,6670121.0,715.141095744,0.0,0.0,0.0,0.0,0.0,0.0,0.0
ccc2,1032.0,554.0,289.0,120.0,69.0,797.0,332.0,1779.0,22.0,556.0,260.0,304.0,134.0,503.0,0.914083259522,1816916.0,1021.31309725,0.0,0.0,0.0,0.0,0.0,0.0,0.0
pal1,558.0,127.0,146.0,111.0,174.0,52.0,516.0,3817.0,1.0,180.0,238.0,1091.0,1516.0,791.0,0.982394366197,1902344.0,498.38721509,0.0,0.0,0.0,0.0,0.0,0.0,0.0
sfo12,26550.0,6445.0,7454.0,6214.0,6437.0,12841.0,15535.0,13894.0,5.0,571.0,1782.0,2071.0,5678.0,3787.0,0.935649844939,8737263.0,628.851518641,0.0,0.0,0.0,0.0,0.0,0.0,0.0
hay1,408.0,139.0,138.0,83.0,48.0,276.0,47.0,744.0,0.0,52.0,84.0,89.0,206.0,313.0,1.26315789474,601340.0,808.252688172,0.0,0.0,0.0,0.0,0.0,0.0,0.0
sjo8,4802.0,1943.0,1421.0,942.0,496.0,2531.0,2689.0,4065.0,0.0,501.0,380.0,548.0,1481.0,1155.0,0.919923371648,2729864.0,671.553259533,0.0,0.0,0.0,0.0,0.0,0.0,0.0
wcc1_g,181.0,40.0,57.0,47.0,37.0,68.0,132.0,49.0,0.0,29.0,1.0,8.0,8.0,3.0,0.905,30875.0,630.102040816,0.0,0.0,0.0,0.0,0.0,0.0,0.0
oak1,330.0,106.0,79.0,87.0,58.0,71.0,289.0,842.0,6.0,46.0,244.0,158.0,223.0,165.0,0.916666666667,688462.0,817.650831354,0.0,0.0,0.0,0.0,0.0,0.0,0.0
sar2,153.0,130.0,6.0,8.0,9.0,0.0,156.0,12165.0,13.0,757.0,599.0,3302.0,1824.0,5670.0,0.0,6368130.0,523.479654747,0.0,0.0,0.0,0.0,0.0,0.0,0.0
okd1,42196.0,16096.0,13481.0,7842.0,4777.0,20400.0,23887.0,14496.0,86.0,1555.0,1300.0,2507.0,5593.0,3455.0,0.952785241719,10807622.0,745.558912804,0.0,0.0,0.0,0.0,0.0,0.0,0.0
sfo3,88303.0,35449.0,23177.0,14525.0,15152.0,2457.0,94069.0,263095.0,280.0,11174.0,15080.0,109587.0,77218.0,49756.0,0.914810517374,160059972.0,608.373294817,0.0,0.0,0.0,0.0,0.0,0.0,0.0
clo1,759.0,278.0,227.0,157.0,97.0,545.0,351.0,580.0,20.0,144.0,56.0,69.0,146.0,145.0,0.847098214286,235115.0,405.370689655,0.0,0.0,0.0,0.0,0.0,0.0,0.0
sfo8,1419.0,803.0,167.0,170.0,279.0,144.0,1322.0,1257.0,0.0,61.0,13.0,95.0,199.0,889.0,0.967939972715,770355.0,612.85202864,0.0,0.0,0.0,0.0,0.0,0.0,0.0
dan1,1334.0,184.0,267.0,306.0,577.0,730.0,670.0,6560.0,20.0,319.0,879.0,2084.0,1990.0,1268.0,0.952857142857,3056034.0,465.858841463,0.0,0.0,0.0,0.0,0.0,0.0,0.0
aca1,390.0,126.0,125.0,83.0,56.0,178.0,185.0,1324.0,47.0,212.0,377.0,136.0,289.0,263.0,1.07438016529,925194.0,698.787009063,0.0,0.0,0.0,0.0,0.0,0.0,0.0
fai2,203.0,42.0,64.0,46.0,51.0,64.0,1.0,130.0,0.0,43.0,7.0,15.0,30.0,35.0,3.12307692308,138149.0,1062.68461538,0.0,0.0,0.0,0.0,0.0,0.0,0.0
sro3,2138.0,624.0,734.0,526.0,254.0,1664.0,745.0,2790.0,22.0,929.0,341.0,524.0,515.0,459.0,0.887505188875,2108929.0,755.888530466,0.0,0.0,0.0,0.0,0.0,0.0,0.0
con2,3905.0,1620.0,1327.0,631.0,327.0,331.0,3959.0,10378.0,6.0,815.0,1069.0,3441.0,2605.0,2442.0,0.910256410256,5831284.0,561.888995953,0.0,0.0,0.0,0.0,0.0,0.0,0.0
okd8,8738.0,3359.0,2609.0,1630.0,1140.0,4603.0,4158.0,7656.0,9.0,2914.0,535.0,734.0,2122.0,1342.0,0.997374728912,4963743.0,648.346786834,0.0,0.0,0.0,0.0,0.0,0.0,0.0
okd7,10127.0,5674.0,2581.0,1247.0,625.0,3988.0,6373.0,9704.0,6.0,2088.0,778.0,1397.0,2012.0,3423.0,0.977415307403,9567689.0,985.953112119,0.0,0.0,0.0,0.0,0.0,0.0,0.0
pin1,304.0,70.0,111.0,83.0,40.0,234.0,82.0,3024.0,8.0,766.0,260.0,504.0,1012.0,474.0,0.962025316456,1900687.0,628.534060847,0.0,0.0,0.0,0.0,0.0,0.0,0.0
sjo4,17617.0,7758.0,4673.0,3081.0,2105.0,6064.0,13496.0,23951.0,37.0,1589.0,1305.0,4797.0,4571.0,11652.0,0.900664621677,13339773.0,556.961003716,0.0,0.0,0.0,0.0,0.0,0.0,0.0
sfo6,390.0,109.0,107.0,72.0,102.0,87.0,328.0,16644.0,17.0,2393.0,908.0,5311.0,4923.0,3092.0,0.939759036145,11961870.0,718.68961788,0.0,0.0,0.0,0.0,0.0,0.0,0.0
scl2,246.0,183.0,32.0,19.0,12.0,51.0,205.0,3937.0,6.0,1479.0,160.0,921.0,631.0,740.0,0.9609375,2768298.0,703.149098298,0.0,0.0,0.0,0.0,0.0,0.0,0.0
sfo4,37002.0,13097.0,9310.0,7080.0,7515.0,4656.0,35872.0,82365.0,55.0,6391.0,6878.0,15520.0,29993.0,23528.0,0.912998420845,54315017.0,659.442930857,0.0,0.0,0.0,0.0,0.0,0.0,0.0
sjo1,4523.0,2961.0,701.0,468.0,393.0,446.0,4610.0,28717.0,39.0,1557.0,1084.0,11580.0,5023.0,9434.0,0.894580696203,14417136.0,502.04185674,0.0,0.0,0.0,0.0,0.0,0.0,0.0
oak3,199.0,47.0,62.0,58.0,32.0,219.0,0.0,128.0,1.0,7.0,9.0,31.0,47.0,33.0,0.908675799087,84964.0,663.78125,0.0,0.0,0.0,0.0,0.0,0.0,0.0
plh2,854.0,213.0,269.0,222.0,150.0,125.0,764.0,5582.0,11.0,264.0,761.0,1778.0,1786.0,982.0,0.96062992126,3529275.0,632.259942673,0.0,0.0,0.0,0.0,0.0,0.0,0.0
vta1_c,858.0,248.0,230.0,211.0,169.0,301.0,669.0,2539.0,19.0,66.0,343.0,618.0,952.0,541.0,0.884536082474,1317436.0,518.879873966,0.0,0.0,0.0,0.0,0.0,0.0,0.0
ben2,0.0,0.0,0.0,0.0,0.0,0.0,0.0,0.0,0.0,0.0,0.0,0.0,0.0,0.0,0.0,0.0,0.0,0.0,0.0,0.0,0.0,0.0,0.0,0.0
okd1_b,6800.0,3275.0,2140.0,983.0,402.0,4778.0,2479.0,2020.0,5.0,218.0,378.0,157.0,724.0,538.0,0.937026319416,1368635.0,677.542079208,0.0,0.0,0.0,0.0,0.0,0.0,0.0
sro2,4193.0,1476.0,1381.0,869.0,467.0,2267.0,2501.0,14339.0,50.0,1622.0,1930.0,2005.0,5418.0,3314.0,0.879404362416,9147845.0,637.969523677,0.0,0.0,0.0,0.0,0.0,0.0,0.0
okd1_a,4891.0,2363.0,1494.0,660.0,374.0,1171.0,3919.0,8910.0,5.0,1142.0,738.0,868.0,4278.0,1879.0,0.960903732809,8324907.0,934.332996633,0.0,0.0,0.0,0.0,0.0,0.0,0.0
mvw2,4624.0,1422.0,1144.0,1043.0,1015.0,1668.0,3285.0,6416.0,3.0,293.0,359.0,2226.0,2033.0,1502.0,0.933575610741,3183829.0,496.232699501,0.0,0.0,0.0,0.0,0.0,0.0,0.0
sjo3,16963.0,10100.0,2244.0,2321.0,2298.0,2792.0,14908.0,92513.0,292.0,42898.0,2213.0,21027.0,8291.0,17792.0,0.958361581921,65558786.0,708.644039216,0.0,0.0,0.0,0.0,0.0,0.0,0.0
sar1,683.0,514.0,40.0,43.0,86.0,203.0,489.0,13110.0,360.0,1657.0,1645.0,2875.0,1789.0,4784.0,0.986994219653,9201050.0,701.834477498,0.0,0.0,0.0,0.0,0.0,0.0,0.0
okd5,11834.0,5140.0,3819.0,1851.0,1024.0,5963.0,6913.0,9287.0,3.0,962.0,851.0,961.0,4328.0,2182.0,0.91907424666,7340372.0,790.392161085,0.0,0.0,0.0,0.0,0.0,0.0,0.0
sjo6,7414.0,4245.0,1402.0,1087.0,680.0,1329.0,6548.0,3866.0,10.0,481.0,836.0,638.0,866.0,1035.0,0.941221277136,3005929.0,777.529487843,0.0,0.0,0.0,0.0,0.0,0.0,0.0
vta1_i,13516.0,4766.0,3243.0,3023.0,2484.0,7822.0,6703.0,21363.0,62.0,2290.0,3681.0,4523.0,6058.0,4749.0,0.930533562823,13053151.0,611.016757946,0.0,0.0,0.0,0.0,0.0,0.0,0.0
alc2,5457.0,2112.0,1826.0,1015.0,504.0,2919.0,2736.0,2342.0,1.0,84.0,242.0,263.0,866.0,886.0,0.964986737401,1596430.0,681.652433817,0.0,0.0,0.0,0.0,0.0,0.0,0.0
okd6,10758.0,4048.0,3198.0,1989.0,1523.0,4790.0,6580.0,13544.0,2.0,569.0,941.0,1580.0,8409.0,2043.0,0.94617414248,8703479.0,642.607722977,0.0,0.0,0.0,0.0,0.0,0.0,0.0
sun2,1671.0,902.0,271.0,271.0,227.0,399.0,1368.0,3463.0,2.0,725.0,475.0,761.0,850.0,650.0,0.945670628183,2192366.0,633.082876119,0.0,0.0,0.0,0.0,0.0,0.0,0.0
fai3,720.0,269.0,265.0,130.0,56.0,118.0,651.0,1142.0,0.0,50.0,215.0,161.0,519.0,197.0,0.936280884265,701632.0,614.388791594,0.0,0.0,0.0,0.0,0.0,0.0,0.0
seb1,1896.0,540.0,601.0,432.0,323.0,1156.0,1025.0,4331.0,34.0,438.0,655.0,579.0,1784.0,841.0,0.869325997249,2358211.0,544.495728469,0.0,0.0,0.0,0.0,0.0,0.0,0.0
sle3,3389.0,1150.0,1169.0,685.0,385.0,1609.0,1813.0,5742.0,7.0,381.0,810.0,891.0,1984.0,1669.0,0.990356516657,3422841.0,596.106060606,0.0,0.0,0.0,0.0,0.0,0.0,0.0
alc1,1199.0,393.0,386.0,267.0,153.0,804.0,480.0,1792.0,0.0,50.0,187.0,392.0,783.0,380.0,0.933800623053,1070075.0,597.140066964,0.0,0.0,0.0,0.0,0.0,0.0,0.0
dal1,6900.0,1568.0,1886.0,1753.0,1693.0,5105.0,2337.0,3494.0,10.0,337.0,550.0,888.0,1114.0,595.0,0.92717011556,1970888.0,564.077847739,0.0,0.0,0.0,0.0,0.0,0.0,0.0
alc3,2350.0,772.0,725.0,562.0,291.0,1774.0,703.0,1721.0,2.0,84.0,275.0,234.0,857.0,269.0,0.948728300363,1253602.0,728.414875073,0.0,0.0,0.0,0.0,0.0,0.0,0.0
sjo5,2138.0,1044.0,278.0,364.0,452.0,1473.0,738.0,4974.0,0.0,1306.0,195.0,827.0,478.0,2168.0,0.966983265491,4186544.0,841.685564938,0.0,0.0,0.0,0.0,0.0,0.0,0.0
okd4,5150.0,2320.0,1623.0,782.0,425.0,3339.0,2224.0,5195.0,2.0,104.0,450.0,452.0,1872.0,2315.0,0.925759482294,3293837.0,634.039846006,0.0,0.0,0.0,0.0,0.0,0.0,0.0
dub3,2268.0,304.0,437.0,607.0,920.0,1163.0,717.0,275.0,0.0,33.0,53.0,66.0,48.0,75.0,1.20638297872,187430.0,681.563636364,0.0,0.0,0.0,0.0,0.0,0.0,0.0
gil1,411.0,137.0,136.0,78.0,60.0,159.0,320.0,1728.0,14.0,202.0,307.0,184.0,526.0,495.0,0.858037578288,1169371.0,676.719328704,0.0,0.0,0.0,0.0,0.0,0.0,0.0
okd3,14264.0,8077.0,3641.0,1618.0,928.0,1595.0,10983.0,77880.0,105.0,6361.0,2702.0,17701.0,18535.0,32476.0,1.13404356813,42430550.0,544.819594248,0.0,0.0,0.0,0.0,0.0,0.0,0.0
dal2,1499.0,363.0,433.0,416.0,287.0,1220.0,309.0,1129.0,0.0,206.0,60.0,120.0,429.0,314.0,0.980379332897,1269293.0,1124.26306466,0.0,0.0,0.0,0.0,0.0,0.0,0.0
nap1,379.0,150.0,125.0,54.0,50.0,178.0,254.0,5036.0,39.0,420.0,663.0,832.0,1598.0,1484.0,0.877314814815,3066553.0,608.926330421,0.0,0.0,0.0,0.0,0.0,0.0,0.0
sun6,1663.0,1092.0,167.0,198.0,206.0,297.0,1459.0,5016.0,1.0,1498.0,437.0,1859.0,570.0,651.0,0.947038724374,3688166.0,735.28030303,0.0,0.0,0.0,0.0,0.0,0.0,0.0
sro5,3697.0,1241.0,1221.0,844.0,391.0,3113.0,935.0,2784.0,12.0,656.0,662.0,319.0,443.0,692.0,0.913290513834,2522261.0,905.984554598,0.0,0.0,0.0,0.0,0.0,0.0,0.0
sjo11,173.0,36.0,41.0,60.0,36.0,16.0,180.0,3866.0,4.0,70.0,837.0,1187.0,1471.0,297.0,0.882653061224,2226145.0,575.826435592,0.0,0.0,0.0,0.0,0.0,0.0,0.0
sfo11,12139.0,4480.0,3317.0,2276.0,2066.0,668.0,12544.0,19838.0,11.0,610.0,1234.0,2804.0,6805.0,8374.0,0.918785952165,11155959.0,562.353009376,0.0,0.0,0.0,0.0,0.0,0.0,0.0
sui1,1081.0,279.0,285.0,305.0,212.0,676.0,393.0,996.0,8.0,52.0,54.0,136.0,436.0,310.0,1.01122544434,675788.0,678.502008032,0.0,0.0,0.0,0.0,0.0,0.0,0.0
oak2,183.0,39.0,64.0,52.0,28.0,208.0,0.0,540.0,3.0,29.0,82.0,125.0,175.0,126.0,0.879807692308,312941.0,579.52037037,0.0,0.0,0.0,0.0,0.0,0.0,0.0
wcc1_a,1559.0,500.0,488.0,365.0,206.0,882.0,793.0,870.0,1.0,97.0,148.0,136.0,334.0,154.0,0.930746268657,681291.0,783.093103448,0.0,0.0,0.0,0.0,0.0,0.0,0.0
ala2,1219.0,641.0,261.0,181.0,136.0,542.0,745.0,4930.0,1.0,466.0,312.0,767.0,1083.0,2301.0,0.947163947164,3505581.0,711.071196755,0.0,0.0,0.0,0.0,0.0,0.0,0.0
sro1,2019.0,786.0,672.0,351.0,210.0,1134.0,1175.0,8899.0,67.0,546.0,1582.0,2053.0,2276.0,2375.0,0.874404504114,5687516.0,639.118552646,0.0,0.0,0.0,0.0,0.0,0.0,0.0
alc4,1194.0,415.0,470.0,214.0,95.0,668.0,498.0,591.0,0.0,35.0,36.0,62.0,228.0,230.0,1.02401372213,447481.0,757.159052453,0.0,0.0,0.0,0.0,0.0,0.0,0.0
pet1,503.0,143.0,152.0,127.0,81.0,222.0,329.0,3246.0,11.0,523.0,555.0,499.0,693.0,965.0,0.912885662432,2282590.0,703.2008626,0.0,0.0,0.0,0.0,0.0,0.0,0.0
ber1,339.0,134.0,108.0,60.0,37.0,36.0,328.0,998.0,0.0,32.0,98.0,130.0,438.0,300.0,0.931318681319,619465.0,620.706412826,0.0,0.0,0.0,0.0,0.0,0.0,0.0
ric1_a,4505.0,1959.0,1534.0,740.0,272.0,2220.0,2627.0,6058.0,11.0,590.0,395.0,547.0,1779.0,2736.0,0.929440891273,3672984.0,606.30307032,0.0,0.0,0.0,0.0,0.0,0.0,0.0
vac1,122.0,29.0,38.0,29.0,26.0,98.0,37.0,2998.0,4.0,74.0,179.0,501.0,1626.0,614.0,0.903703703704,1832214.0,611.145430287,0.0,0.0,0.0,0.0,0.0,0.0,0.0
sun1,949.0,219.0,261.0,243.0,226.0,357.0,696.0,3320.0,3.0,1251.0,183.0,1140.0,375.0,368.0,0.901234567901,2647208.0,797.351807229,0.0,0.0,0.0,0.0,0.0,0.0,0.0
epa1,787.0,199.0,223.0,210.0,155.0,657.0,191.0,860.0,6.0,208.0,104.0,217.0,194.0,131.0,0.928066037736,684818.0,796.3,0.0,0.0,0.0,0.0,0.0,0.0,0.0
elc1_b,506.0,160.0,168.0,109.0,69.0,82.0,444.0,2058.0,2.0,58.0,541.0,322.0,765.0,370.0,0.961977186312,1274028.0,619.06122449,0.0,0.0,0.0,0.0,0.0,0.0,0.0
sfo2,466.0,234.0,83.0,70.0,79.0,88.0,409.0,5723.0,3.0,99.0,363.0,614.0,3696.0,948.0,0.937625754527,3086478.0,539.311200419,0.0,0.0,0.0,0.0,0.0,0.0,0.0
mvw3,413.0,356.0,24.0,18.0,15.0,4.0,427.0,1652.0,0.0,65.0,507.0,334.0,340.0,406.0,0.958236658933,2341988.0,1417.66828087,0.0,0.0,0.0,0.0,0.0,0.0,0.0
val1,336.0,233.0,62.0,30.0,11.0,2.0,330.0,1474.0,0.0,148.0,73.0,103.0,373.0,777.0,1.01204819277,903729.0,613.113297151,0.0,0.0,0.0,0.0,0.0,0.0,0.0
rwc3,170.0,45.0,56.0,34.0,35.0,79.0,106.0,2333.0,7.0,213.0,633.0,325.0,714.0,441.0,0.918918918919,1790067.0,767.281183026,0.0,0.0,0.0,0.0,0.0,0.0,0.0
win1,1078.0,339.0,275.0,257.0,207.0,504.0,736.0,907.0,11.0,114.0,141.0,152.0,168.0,321.0,0.86935483871,540980.0,596.44983462,0.0,0.0,0.0,0.0,0.0,0.0,0.0
ant2,1351.0,608.0,442.0,203.0,98.0,868.0,648.0,1813.0,0.0,131.0,424.0,233.0,491.0,534.0,0.891160949868,1757678.0,969.485934915,0.0,0.0,0.0,0.0,0.0,0.0,0.0
liv2,11.0,1.0,2.0,5.0,3.0,4.0,0.0,13500.0,122.0,2780.0,402.0,6069.0,935.0,3192.0,0.0,12413365.0,919.508518519,0.0,0.0,0.0,0.0,0.0,0.0,0.0
eme1,2480.0,884.0,758.0,493.0,345.0,104.0,1211.0,14395.0,6.0,2270.0,1602.0,4160.0,3768.0,2589.0,1.88593155894,11132364.0,773.349357416,0.0,0.0,0.0,0.0,0.0,0.0,0.0
mvw1,619.0,137.0,151.0,154.0,177.0,360.0,304.0,1196.0,1.0,718.0,101.0,183.0,36.0,157.0,0.932228915663,901137.0,753.4590301,0.0,0.0,0.0,0.0,0.0,0.0,0.0
sbr1,3561.0,928.0,1090.0,1034.0,509.0,2223.0,1658.0,9564.0,24.0,797.0,2363.0,1910.0,2750.0,1720.0,0.917547023963,5670914.0,592.943747386,0.0,0.0,0.0,0.0,0.0,0.0,0.0
cam1,710.0,261.0,191.0,165.0,93.0,206.0,565.0,5217.0,8.0,737.0,611.0,1523.0,1019.0,1319.0,0.920881971466,2861499.0,548.495112133,0.0,0.0,0.0,0.0,0.0,0.0,0.0
mco1,1664.0,785.0,362.0,235.0,282.0,715.0,972.0,580.0,1.0,13.0,82.0,158.0,231.0,95.0,0.986366330765,313265.0,540.112068966,0.0,0.0,0.0,0.0,0.0,0.0,0.0
sfo5,5312.0,3492.0,872.0,342.0,606.0,1.0,5635.0,2692.0,22.0,573.0,119.0,899.0,826.0,253.0,0.942512420156,3831363.0,1423.24034175,0.0,0.0,0.0,0.0,0.0,0.0,0.0
roh2,1200.0,451.0,413.0,226.0,110.0,158.0,1185.0,4232.0,9.0,362.0,592.0,1374.0,902.0,993.0,0.893521965748,2636891.0,623.083884688,0.0,0.0,0.0,0.0,0.0,0.0,0.0
okd2,1829.0,1167.0,428.0,172.0,62.0,1079.0,775.0,14154.0,29.0,3238.0,770.0,2628.0,3669.0,3820.0,0.986515641855,12642497.0,893.210187933,0.0,0.0,0.0,0.0,0.0,0.0,0.0
ber2,2952.0,1962.0,541.0,280.0,169.0,84.0,3040.0,13233.0,2.0,225.0,635.0,2825.0,5611.0,3935.0,0.944942381562,7298413.0,551.531247638,0.0,0.0,0.0,0.0,0.0,0.0,0.0
ala1,1113.0,334.0,426.0,231.0,122.0,751.0,505.0,1282.0,0.0,142.0,13.0,296.0,369.0,462.0,0.886146496815,858766.0,669.864274571,0.0,0.0,0.0,0.0,0.0,0.0,0.0
sle2,813.0,292.0,280.0,163.0,78.0,41.0,785.0,1620.0,4.0,128.0,277.0,278.0,521.0,412.0,0.984261501211,985100.0,608.086419753,0.0,0.0,0.0,0.0,0.0,0.0,0.0
hay3_b,931.0,202.0,284.0,223.0,222.0,66.0,848.0,498.0,0.0,21.0,95.0,91.0,207.0,84.0,1.01859956236,413917.0,831.158634538,0.0,0.0,0.0,0.0,0.0,0.0,0.0
pin2,62.0,16.0,23.0,15.0,8.0,41.0,25.0,2185.0,1.0,220.0,620.0,366.0,713.0,265.0,0.939393939394,1440831.0,659.419221968,0.0,0.0,0.0,0.0,0.0,0.0,0.0
hay4,1055.0,326.0,337.0,261.0,131.0,343.0,725.0,1998.0,0.0,97.0,382.0,434.0,604.0,481.0,0.987827715356,1581816.0,791.6996997,0.0,0.0,0.0,0.0,0.0,0.0,0.0
hay2,1811.0,605.0,590.0,388.0,228.0,299.0,1609.0,3967.0,1.0,223.0,434.0,951.0,1163.0,1195.0,0.949161425577,2670150.0,673.090496597,0.0,0.0,0.0,0.0,0.0,0.0,0.0
liv3,270.0,38.0,60.0,73.0,99.0,170.0,0.0,5608.0,82.0,1326.0,750.0,1119.0,928.0,1403.0,1.58823529412,4523068.0,806.538516405,0.0,0.0,0.0,0.0,0.0,0.0,0.0
ber6,377.0,107.0,131.0,66.0,73.0,11.0,398.0,2366.0,4.0,122.0,235.0,291.0,876.0,838.0,0.921760391198,1674959.0,707.928571429,0.0,0.0,0.0,0.0,0.0,0.0,0.0
wcc1_c,628.0,177.0,236.0,138.0,77.0,10.0,681.0,1488.0,2.0,161.0,266.0,338.0,427.0,294.0,0.908827785818,1222474.0,821.555107527,0.0,0.0,0.0,0.0,0.0,0.0,0.0
vta1_b,2221.0,465.0,496.0,539.0,721.0,422.0,1947.0,9803.0,12.0,3065.0,1048.0,1903.0,2795.0,980.0,0.93752638244,4881635.0,497.973579516,0.0,0.0,0.0,0.0,0.0,0.0,0.0
ccc3_a,855.0,323.0,242.0,166.0,124.0,366.0,541.0,660.0,0.0,162.0,68.0,133.0,151.0,146.0,0.942668136714,489722.0,742.003030303,0.0,0.0,0.0,0.0,0.0,0.0,0.0
ori1,296.0,96.0,36.0,41.0,123.0,0.0,298.0,2729.0,16.0,124.0,192.0,1003.0,933.0,461.0,0.0,1249261.0,457.772444119,0.0,0.0,0.0,0.0,0.0,0.0,0.0
ccg1_c,4365.0,1102.0,1045.0,1188.0,1030.0,2429.0,2287.0,6451.0,15.0,702.0,759.0,927.0,3159.0,889.0,0.925572519084,3695537.0,572.862656952,0.0,0.0,0.0,0.0,0.0,0.0,0.0
ssf1,970.0,282.0,298.0,226.0,164.0,604.0,463.0,1869.0,3.0,251.0,265.0,387.0,567.0,396.0,0.909090909091,1235578.0,661.090422686,0.0,0.0,0.0,0.0,0.0,0.0,0.0
bur1,6874.0,1127.0,1674.0,1611.0,2462.0,2845.0,4579.0,10523.0,47.0,817.0,1724.0,2697.0,3498.0,1740.0,0.925915948276,5977267.0,568.019291077,0.0,0.0,0.0,0.0,0.0,0.0,0.0
mil1,631.0,214.0,167.0,123.0,127.0,107.0,576.0,3010.0,6.0,155.0,499.0,445.0,1429.0,476.0,0.923865300146,2058867.0,684.0089701,0.0,0.0,0.0,0.0,0.0,0.0,0.0
sma4,10442.0,2206.0,2594.0,2467.0,3175.0,3062.0,7952.0,7364.0,5.0,443.0,1057.0,2733.0,2046.0,1080.0,0.948066097694,3579348.0,486.060293319,0.0,0.0,0.0,0.0,0.0,0.0,0.0
bel1,2562.0,432.0,589.0,653.0,888.0,1371.0,1343.0,3381.0,0.0,473.0,383.0,920.0,1075.0,530.0,0.943994104643,2481925.0,734.080153801,0.0,0.0,0.0,0.0,0.0,0.0,0.0
ccg1_l,2365.0,533.0,644.0,633.0,555.0,1905.0,605.0,2887.0,1.0,859.0,155.0,737.0,500.0,635.0,0.942231075697,2682252.0,929.079321095,0.0,0.0,0.0,0.0,0.0,0.0,0.0
new2,212.0,50.0,55.0,66.0,41.0,150.0,71.0,206.0,0.0,33.0,23.0,42.0,62.0,46.0,0.9592760181,117271.0,569.276699029,0.0,0.0,0.0,0.0,0.0,0.0,0.0
vta1_f,365.0,92.0,98.0,99.0,76.0,230.0,156.0,402.0,1.0,176.0,31.0,59.0,48.0,87.0,0.945595854922,217880.0,541.990049751,0.0,0.0,0.0,0.0,0.0,0.0,0.0
mvw4,1389.0,789.0,229.0,174.0,197.0,7.0,1290.0,5291.0,2.0,249.0,1339.0,1048.0,1653.0,1000.0,1.07093292213,2795580.0,528.365148365,0.0,0.0,0.0,0.0,0.0,0.0,0.0
scl1,689.0,559.0,53.0,41.0,36.0,30.0,683.0,5077.0,59.0,285.0,741.0,789.0,2014.0,1189.0,0.96633941094,3363085.0,662.41579673,0.0,0.0,0.0,0.0,0.0,0.0,0.0
sjo13,2147.0,632.0,621.0,490.0,404.0,93.0,2309.0,2142.0,2.0,63.0,309.0,729.0,735.0,304.0,0.893838467943,1103005.0,514.941643324,0.0,0.0,0.0,0.0,0.0,0.0,0.0
sjo19,473.0,103.0,124.0,114.0,132.0,3.0,517.0,4097.0,5.0,185.0,1261.0,697.0,1364.0,585.0,0.909615384615,2233435.0,545.13912619,0.0,0.0,0.0,0.0,0.0,0.0,0.0
fai1,585.0,246.0,203.0,93.0,43.0,362.0,288.0,4010.0,1.0,232.0,141.0,455.0,1358.0,1823.0,0.9,1966305.0,490.350374065,0.0,0.0,0.0,0.0,0.0,0.0,0.0
fai4,649.0,221.0,224.0,139.0,65.0,244.0,370.0,790.0,4.0,178.0,142.0,106.0,191.0,169.0,1.05700325733,553623.0,700.788607595,0.0,0.0,0.0,0.0,0.0,0.0,0.0
val2,75.0,43.0,20.0,10.0,2.0,13.0,41.0,1020.0,2.0,84.0,147.0,85.0,355.0,347.0,1.38888888889,628410.0,616.088235294,0.0,0.0,0.0,0.0,0.0,0.0,0.0
ben1,607.0,166.0,155.0,150.0,136.0,181.0,455.0,1891.0,1.0,100.0,162.0,390.0,791.0,447.0,0.954402515723,990975.0,524.048122686,0.0,0.0,0.0,0.0,0.0,0.0,0.0
dix1,452.0,155.0,150.0,91.0,56.0,221.0,227.0,250.0,1.0,100.0,22.0,18.0,60.0,49.0,1.00892857143,178428.0,713.712,0.0,0.0,0.0,0.0,0.0,0.0,0.0
sun8,3550.0,1819.0,633.0,600.0,498.0,0.0,3833.0,796.0,2.0,315.0,52.0,163.0,174.0,90.0,0.0,783945.0,984.855527638,0.0,0.0,0.0,0.0,0.0,0.0,0.0
cot1,354.0,86.0,114.0,97.0,57.0,191.0,200.0,700.0,5.0,29.0,82.0,127.0,198.0,259.0,0.90537084399,377444.0,539.205714286,0.0,0.0,0.0,0.0,0.0,0.0,0.0
sro4,3958.0,1427.0,1316.0,803.0,412.0,1501.0,2957.0,10136.0,26.0,821.0,1104.0,1538.0,3944.0,2703.0,0.887842081651,6425770.0,633.955209155,0.0,0.0,0.0,0.0,0.0,0.0,0.0
sra1,1646.0,408.0,412.0,350.0,476.0,506.0,1253.0,8635.0,37.0,527.0,1549.0,2274.0,2758.0,1490.0,0.935758953951,4738015.0,548.698899826,0.0,0.0,0.0,0.0,0.0,0.0,0.0
dub1,636.0,353.0,69.0,89.0,125.0,152.0,357.0,4818.0,18.0,455.0,1168.0,779.0,1143.0,1255.0,1.24950884086,3299895.0,684.909713574,0.0,0.0,0.0,0.0,0.0,0.0,0.0
ber3,326.0,169.0,81.0,53.0,23.0,64.0,222.0,2945.0,6.0,308.0,300.0,378.0,1110.0,843.0,1.13986013986,1935448.0,657.197962649,0.0,0.0,0.0,0.0,0.0,0.0,0.0
ber5,3549.0,2004.0,936.0,345.0,264.0,156.0,3570.0,8445.0,5.0,181.0,1004.0,556.0,5875.0,824.0,0.952495974235,4910508.0,581.469271758,0.0,0.0,0.0,0.0,0.0,0.0,0.0
ric1_b,249.0,106.0,86.0,38.0,19.0,101.0,163.0,305.0,0.0,40.0,29.0,15.0,152.0,69.0,0.943181818182,184914.0,606.275409836,0.0,0.0,0.0,0.0,0.0,0.0,0.0
mar1,735.0,338.0,232.0,126.0,39.0,336.0,468.0,7079.0,8.0,1459.0,169.0,572.0,687.0,4184.0,0.914179104478,3819663.0,539.576635118,0.0,0.0,0.0,0.0,0.0,0.0,0.0
laf1,1808.0,453.0,382.0,370.0,603.0,275.0,1654.0,6908.0,13.0,812.0,652.0,1964.0,2398.0,1069.0,0.937273198548,3546464.0,513.385060799,0.0,0.0,0.0,0.0,0.0,0.0,0.0
sfo7,1202.0,366.0,282.0,232.0,322.0,0.0,1435.0,70250.0,75.0,4060.0,3336.0,39454.0,12410.0,10915.0,0.0,36820011.0,524.128270463,0.0,0.0,0.0,0.0,0.0,0.0,0.0
rwc2,467.0,418.0,17.0,18.0,14.0,0.0,474.0,11147.0,5.0,1374.0,917.0,1878.0,2506.0,4467.0,0.0,7689442.0,689.821656051,0.0,0.0,0.0,0.0,0.0,0.0,0.0
mvw6,4.0,2.0,1.0,0.0,1.0,0.0,4.0,8693.0,10.0,2343.0,238.0,2782.0,906.0,2414.0,0.0,6984381.0,803.448866904,0.0,0.0,0.0,0.0,0.0,0.0,0.0
elc1_a,308.0,152.0,77.0,46.0,33.0,23.0,305.0,1633.0,2.0,72.0,548.0,246.0,541.0,224.0,0.939024390244,1179281.0,722.156154317,0.0,0.0,0.0,0.0,0.0,0.0,0.0
sma1,181.0,32.0,62.0,40.0,47.0,30.0,160.0,4294.0,1.0,252.0,518.0,1124.0,1897.0,502.0,0.952631578947,2505297.0,583.441313461,0.0,0.0,0.0,0.0,0.0,0.0,0.0
mpt1,2844.0,2526.0,116.0,113.0,89.0,5.0,2883.0,5217.0,9.0,1151.0,1168.0,668.0,865.0,1356.0,0.984764542936,3507243.0,672.2719954,0.0,0.0,0.0,0.0,0.0,0.0,0.0
sun3,1046.0,430.0,187.0,214.0,215.0,11.0,1111.0,7892.0,32.0,556.0,1852.0,1160.0,2351.0,1941.0,0.932263814617,4370894.0,553.838570705,0.0,0.0,0.0,0.0,0.0,0.0,0.0
ccg1_b,640.0,155.0,206.0,163.0,116.0,323.0,355.0,1578.0,1.0,81.0,824.0,43.0,452.0,177.0,0.94395280236,822906.0,521.486692015,0.0,0.0,0.0,0.0,0.0,0.0,0.0
ccc4,543.0,153.0,169.0,139.0,82.0,141.0,451.0,1079.0,3.0,37.0,223.0,235.0,432.0,149.0,0.91722972973,639802.0,592.958294717,0.0,0.0,0.0,0.0,0.0,0.0,0.0
mor1,30.0,0.0,3.0,11.0,16.0,32.0,0.0,1428.0,2.0,57.0,189.0,481.0,519.0,180.0,0.9375,699290.0,489.698879552,0.0,0.0,0.0,0.0,0.0,0.0,0.0
rwc1,505.0,248.0,127.0,89.0,41.0,29.0,512.0,7501.0,3.0,320.0,727.0,1575.0,2369.0,2507.0,0.933456561922,3833306.0,511.03932809,0.0,0.0,0.0,0.0,0.0,0.0,0.0
men1,190.0,22.0,37.0,52.0,79.0,44.0,85.0,6329.0,68.0,276.0,777.0,1798.0,1982.0,1428.0,1.47286821705,3609212.0,570.265760784,0.0,0.0,0.0,0.0,0.0,0.0,0.0
sjo18,114.0,33.0,42.0,23.0,16.0,18.0,102.0,2341.0,0.0,90.0,565.0,546.0,960.0,180.0,0.95,1412900.0,603.545493379,0.0,0.0,0.0,0.0,0.0,0.0,0.0
sjo10,680.0,201.0,194.0,151.0,134.0,0.0,765.0,8552.0,11.0,433.0,3334.0,951.0,2844.0,979.0,0.0,4694380.0,548.921889616,0.0,0.0,0.0,0.0,0.0,0.0,0.0
vac2,695.0,264.0,223.0,140.0,68.0,5.0,279.0,1552.0,0.0,32.0,375.0,370.0,353.0,422.0,2.44718309859,821025.0,529.010953608,0.0,0.0,0.0,0.0,0.0,0.0,0.0
sle1,364.0,106.0,136.0,81.0,41.0,34.0,356.0,2506.0,5.0,347.0,872.0,202.0,697.0,383.0,0.933333333333,1754430.0,700.091779729,0.0,0.0,0.0,0.0,0.0,0.0,0.0
ant1,3.0,0.0,1.0,0.0,2.0,3.0,0.0,152.0,1.0,3.0,2.0,63.0,68.0,15.0,0.0,119580.0,786.710526316,0.0,0.0,0.0,0.0,0.0,0.0,0.0
sma2,794.0,377.0,164.0,102.0,151.0,211.0,596.0,8754.0,2.0,713.0,793.0,4604.0,1599.0,1043.0,0.983890954151,5380947.0,614.684372858,0.0,0.0,0.0,0.0,0.0,0.0,0.0
sca1,51.0,7.0,14.0,19.0,11.0,10.0,43.0,1216.0,5.0,224.0,113.0,286.0,385.0,203.0,0.962264150943,720063.0,592.157072368,0.0,0.0,0.0,0.0,0.0,0.0,0.0
vta1_d,27.0,22.0,1.0,0.0,4.0,9.0,20.0,2084.0,5.0,83.0,216.0,847.0,501.0,432.0,0.931034482759,1001642.0,480.634357006,0.0,0.0,0.0,0.0,0.0,0.0,0.0
sjo15,423.0,108.0,124.0,102.0,89.0,107.0,334.0,2078.0,13.0,180.0,204.0,401.0,743.0,537.0,0.959183673469,1192916.0,574.069297401,0.0,0.0,0.0,0.0,0.0,0.0,0.0
sjo16,158.0,21.0,39.0,50.0,48.0,3.0,176.0,2988.0,6.0,235.0,585.0,500.0,940.0,722.0,0.882681564246,1653135.0,553.258032129,0.0,0.0,0.0,0.0,0.0,0.0,0.0
uni1,786.0,398.0,109.0,154.0,125.0,79.0,753.0,197.0,0.0,65.0,25.0,55.0,34.0,18.0,0.944711538462,147435.0,748.401015228,0.0,0.0,0.0,0.0,0.0,0.0,0.0
moh1,302.0,141.0,67.0,52.0,42.0,115.0,218.0,1422.0,4.0,83.0,113.0,452.0,473.0,297.0,0.906906906907,760701.0,534.951476793,0.0,0.0,0.0,0.0,0.0,0.0,0.0
sjo14,667.0,184.0,204.0,187.0,92.0,1.0,754.0,2166.0,0.0,117.0,101.0,446.0,1012.0,490.0,0.883443708609,1149795.0,530.837950139,0.0,0.0,0.0,0.0,0.0,0.0,0.0
alb1,316.0,98.0,98.0,69.0,51.0,21.0,267.0,2055.0,3.0,127.0,258.0,331.0,924.0,412.0,1.09722222222,1158892.0,563.937712895,0.0,0.0,0.0,0.0,0.0,0.0,0.0
sma3,119.0,22.0,23.0,27.0,47.0,6.0,117.0,4610.0,2.0,177.0,2029.0,1060.0,773.0,569.0,0.967479674797,2686707.0,582.79978308,0.0,0.0,0.0,0.0,0.0,0.0,0.0
ccg1_k,47.0,17.0,10.0,12.0,8.0,19.0,31.0,234.0,2.0,30.0,38.0,44.0,73.0,47.0,0.94,175028.0,747.982905983,0.0,0.0,0.0,0.0,0.0,0.0,0.0
sjo9,1086.0,301.0,310.0,298.0,177.0,25.0,1156.0,4589.0,4.0,152.0,1667.0,994.0,1215.0,557.0,0.919559695174,2396495.0,522.225975158,0.0,0.0,0.0,0.0,0.0,0.0,0.0
sjo17,19.0,2.0,5.0,8.0,4.0,9.0,11.0,1515.0,0.0,167.0,320.0,282.0,596.0,150.0,0.95,855530.0,564.706270627,0.0,0.0,0.0,0.0,0.0,0.0,0.0
sjo12,154.0,37.0,39.0,37.0,41.0,25.0,149.0,3316.0,0.0,246.0,314.0,920.0,1252.0,584.0,0.885057471264,1633760.0,492.689987937,0.0,0.0,0.0,0.0,0.0,0.0,0.0
sjo2,1120.0,1120.0,0.0,0.0,0.0,0.0,275.0,120.0,0.0,11.0,7.0,56.0,35.0,11.0,0.0,729810.0,6081.75,0.0,0.0,0.0,0.0,0.0,0.0,0.0
hay3_a,112.0,38.0,45.0,19.0,10.0,6.0,109.0,437.0,1.0,10.0,180.0,67.0,128.0,51.0,0.973913043478,362015.0,828.409610984,0.0,0.0,0.0,0.0,0.0,0.0,0.0
spa2,362.0,121.0,132.0,83.0,26.0,14.0,401.0,351.0,1.0,48.0,65.0,23.0,100.0,114.0,0.872289156627,318208.0,906.575498575,0.0,0.0,0.0,0.0,0.0,0.0,0.0
ber4,177.0,165.0,8.0,3.0,1.0,4.0,170.0,772.0,1.0,21.0,113.0,85.0,393.0,159.0,1.01724137931,511660.0,662.772020725,0.0,0.0,0.0,0.0,0.0,0.0,0.0
ccc3_b,0.0,0.0,0.0,0.0,0.0,0.0,0.0,0.0,0.0,0.0,0.0,0.0,0.0,0.0,0.0,0.0,0.0,0.0,0.0,0.0,0.0,0.0,0.0,0.0
con1_b,0.0,0.0,0.0,0.0,0.0,0.0,0.0,0.0,0.0,0.0,0.0,0.0,0.0,0.0,0.0,0.0,0.0,0.0,0.0,0.0,0.0,0.0,0.0,0.0
roh1,0.0,0.0,0.0,0.0,0.0,0.0,0.0,0.0,0.0,0.0,0.0,0.0,0.0,0.0,0.0,0.0,0.0,0.0,0.0,0.0,0.0,0.0,0.0,0.0
dub2,737.0,297.0,100.0,148.0,192.0,0.0,697.0,221.0,0.0,18.0,29.0,52.0,47.0,75.0,0.0,114310.0,517.239819005,0.0,0.0,0.0,0.0,0.0,0.0,0.0
new1,0.0,0.0,0.0,0.0,0.0,0.0,0.0,0.0,0.0,0.0,0.0,0.0,0.0,0.0,0.0,0.0,0.0,0.0,0.0,0.0,0.0,0.0,0.0,0.0
plh1,0.0,0.0,0.0,0.0,0.0,0.0,0.0,0.0,0.0,0.0,0.0,0.0,0.0,0.0,0.0,0.0,0.0,0.0,0.0,0.0,0.0,0.0,0.0,0.0
con1_a,0.0,0.0,0.0,0.0,0.0,0.0,0.0,0.0,0.0,0.0,0.0,0.0,0.0,0.0,0.0,0.0,0.0,0.0,0.0,0.0,0.0,0.0,0.0,0.0
